team,pct
Belgium,0.8333333333333334
France,0.75
Netherlands,0.7142857142857143
Germany,0.7
Colombia,0.6666666666666666
Uruguay,0.6666666666666666
Sweden,0.6
Argentina,0.5454545454545454
Brazil,0.5
Croatia,0.5
